{
    "pizza": [
        {
            "name": "Margaritha",
            "description": "some thing about margaritha",
            "preis": 6.50
        },
        {
            "name": "Vegetabel",
            "description": "some thing about Vegetabel",
            "preis": 8.50
        },
        {
            "name": "Salamie",
            "description": "description about salamie",
            "preis": 8.50
        },
        {
            "name": "ParmaSchinken",
            "description": "description about parmaschinken",
            "preis": 9.50
        },
        {
            "name": "Diavolo",
            "description": "description about diavolo",
            "preis": 9.50
        },
        {
            "name": "Gambarethi",
            "description": "description about gambarethi",
            "preis": 10.00
        },
        {
            "name": "Tonno",
            "description": "description about tonno",
            "preis": 11.00
        },
        {
            "name": "FruitsDeMary",
            "description": "description about friuts de mary",
            "preis": 11.00
        }

    ],
	"pasta": [
        {
            "name": "pomodoro",
            "description": "xxxxxxx",
            "preis": 7.50
        },
        {
            "name": "Gambaretti",
            "description": "yyyyyyyy",
            "preis": 11.00
        },
        {
            "name": "Bolo",
            "description": "zzzzzzz",
            "preis": 10.50
        },
        {
            "name": "TomateSahne",
            "description": "aaaaaaa",
            "preis": 8.00
        },
        {
            "name": "Sahne",
            "description": "bbbbbbbb",
            "preis": 8.00
        }
    ],
	"salat": [
        {
            "name": "mista",
            "description": "some ting about this one",
            "preis": 7.00
        },
        {
            "name": "minimista",
            "description": "some thins about this one",
            "preis": 4.00
        },
        {
            "name": "cesare",
            "description": "some thing about this one",
            "preis": 7.00
        },
        {
            "name": "minicesare",
            "description": "some thing about this one",
            "preis": 4.50
        },
        {
            "name": "nizza",
            "description": "some thing about this one",
            "preis": 7.00
        }
    ],
    "coffee": [
        {
            "name": "coffeecrema",
            "description": "some thing about coffee",
            "preis": 2.50
        },
        {
            "name": "espresso",
            "description": "some thing about espresso",
            "preis": 2.00
        },
        {
            "name": "despresso",
            "description": "some thing about this one",
            "preis": 3.90
        },
        {
            "name": "capuccino",
            "description": "some thing about capuccino",
            "preis": 2.90
        },
        {
            "name": "lattemachiatto",
            "description": "some thing about lattemachiatto",
            "preis": 3.50
        },
        {
            "name": "amerikano",
            "description": "some thing about amerikano",
            "preis": 2.50
        }
    ],
    "beer": [
        {
            "name": "bier03",
            "description": "some thing about coffee",
            "preis": 3.00
        },
        {
            "name": "bier04",
            "description": "some thing about espresso",
            "preis": 3.50
        },
        {
            "name": "alster03",
            "description": "some thing about capuccino",
            "preis": 3.50
        },
        {
            "name": "alster04",
            "description": "some thing about lattemachiatto",
            "preis": 4.00
        }
    ]
}
